{"stats":{"minecraft:dropped":{"minecraft:oak_planks":6},"minecraft:mined":{"minecraft:oak_log":2},"minecraft:crafted":{"minecraft:oak_planks":8},"minecraft:custom":{"minecraft:jump":56,"minecraft:time_since_rest":1244,"minecraft:leave_game":1,"minecraft:walk_on_water_one_cm":58,"minecraft:damage_dealt":97,"minecraft:play_one_minute":1244,"minecraft:sprint_one_cm":4572,"minecraft:time_since_death":1244,"minecraft:walk_one_cm":3655,"minecraft:fall_one_cm":418,"minecraft:drop":6,"minecraft:fly_one_cm":18942},"minecraft:picked_up":{"minecraft:oak_log":2}},"DataVersion":2586}